rank,title,url,type,year,episodes,rating,synopsis,Native Title,Also Known As,Director,Screenwriter,Genres,Tags,Title,Type,Format,Country,Episodes,Aired,Aired On,Original Network,Duration,Content Rating,Score,Ranked,Popularity,Watchers,recommendations,Related Content,Screenwriter & Director
#1,When Life Gives You Tangerines,https://mydramalist.com/735043-life,Korean Drama,2025,16 episodes,9.3,"It is a story that resembles a tribute to our parents' tender and still youthful seasons when they were so young, including the story of mother's first love, father's heroic tales, grandma's rebellious youth, and grandpa's…",폭싹 속았수다,"Insaeng , Life , Pogssag Sogassuda , Pokssak Sogasssuda , Sugo Manheusyeossseubnida , Thank You For Your Hard Work , You Have Done Well , You Were Fooled , 수고 많으셨습니다 , 인생",Kim Won Suk,Im Sang Choon,"Romance, Life, Drama","Family Relationship, Nice Male Lead, Poor Male Lead, Teenage Pregnancy, Father-Daughter Relationship, Heartwarming, Break Up, Hardworking Female Lead, Healthy Mains’ Relationship, Childhood Sweethearts (Vote tags)",When Life Gives You Tangerines,Drama,Standard Series,South Korea,16,"Mar 7, 2025 - Mar 28, 2025",Friday,Netflix,1 hr. 2 min.,13+ - Teens 13 or older,"9.3 (scored by 82,145 users)",#7,#38,"179,080","[{""title"": ""Our Blues"", ""url"": ""https://mydramalist.com/697585-our-blues""}, {""title"": ""Reply 1988"", ""url"": ""https://mydramalist.com/13544-reply-1988""}, {""title"": ""The Good Bad Mother"", ""url"": ""https://mydramalist.com/733003-bad-mother""}, {""title"": ""Our Unwritten Seoul"", ""url"": ""https://mydramalist.com/762921-unknown-seoul""}, {""title"": ""Twenty Five Twenty One"", ""url"": ""https://mydramalist.com/695149-twenty-five-twenty-one""}, {""title"": ""Love Story in the 1970s"", ""url"": ""https://mydramalist.com/754361-love-story-in-the-1970s""}]",,
#2,Twinkling Watermelon,https://mydramalist.com/739603-sparkling-watermelon,Korean Drama,2023,16 episodes,9.2,"In 2023, high school student Eun Gyeol, a CODA with a passion for music, leads a double life as a model pupil by day and a guitarist by night. When he discovers a mysterious music store, he's unexpectedly transported…",반짝이는 워터멜론,"Banjjagineun Woteomellon , Shining Watermelon , Sparkling Watermelon",Son Jung Hyun,Jin Soo Wan,"Romance, Youth, Drama, Fantasy","Time Travel, Child From The Future, Deafness, Sign Language, Father-Son Relationship, 1990s, Music, Coming Of Age, Friendship, Comedy (Vote tags)",Twinkling Watermelon,Drama,Standard Series,South Korea,16,"Sep 25, 2023 - Nov 14, 2023","Monday, Tuesday",tvN,1 hr. 10 min.,15+ - Teens 15 or older,"9.2 (scored by 117,074 users)",#24,#15,"236,002","[{""title"": ""Lovely Runner"", ""url"": ""https://mydramalist.com/750099-time-walking-on-memory""}, {""title"": ""Twenty Five Twenty One"", ""url"": ""https://mydramalist.com/695149-twenty-five-twenty-one""}, {""title"": ""18 Again"", ""url"": ""https://mydramalist.com/52941-eighteen-again""}, {""title"": ""Castaway Diva"", ""url"": ""https://mydramalist.com/745215-diva-of-the-deserted-island""}, {""title"": ""My Perfect Stranger"", ""url"": ""https://mydramalist.com/719347-bumped-into-you""}, {""title"": ""A Time Called You"", ""url"": ""https://mydramalist.com/689831-someday-or-one-day""}]",,
#3,Move to Heaven,https://mydramalist.com/49231-move-to-heaven,Korean Drama,2021,10 episodes,9.1,"Han Geu Ru is an autistic 20-year-old guy. He works for his father’s business “Move To Heaven,” a company that specializes in trauma scene cleanup, where they also collect and arrange items left by deceased people,…",무브 투 헤븐: 나는 유품정리사입니다,"Move To Heaven: I Am a Person Who Arranges Articles Left by Deceased , Move to Heaven: I Clean Dead People's Possessions , Move To Heaven: Naneun Yoopoomjungrisaibmida , Mubeu Tu Hebeun: Naneun Yoopoomjungrisaibmida",Kim Sung Ho,Yoon Ji Ryun,"Life, Drama","Uncle-Nephew Relationship, Autism, Death, Tearjerker, Savant Syndrome, Life Lesson, Autistic Male Lead, Smart Male Lead, Murder, Friendship (Vote tags)",Move to Heaven,Drama,Standard Series,South Korea,10,"May 14, 2021",Friday,Netflix,52 min.,18+ Restricted (violence & profanity),"9.1 (scored by 79,720 users)",#34,#35,"184,147","[{""title"": ""Tomorrow"", ""url"": ""https://mydramalist.com/695963-tomorrow""}, {""title"": ""Extraordinary Attorney Woo"", ""url"": ""https://mydramalist.com/705723-strange-lawyer-woo-young-woo""}, {""title"": ""If You Wish Upon Me"", ""url"": ""https://mydramalist.com/705665-tell-me-your-wish""}, {""title"": ""May I Help You?"", ""url"": ""https://mydramalist.com/723801-il-dang-baek-butler""}, {""title"": ""D.P."", ""url"": ""https://mydramalist.com/59001-d-p-dog-day""}, {""title"": ""Navillera"", ""url"": ""https://mydramalist.com/59381-navillera""}]",,
#4,Weak Hero Class 1,https://mydramalist.com/702267-weak-hero,Korean Drama,2022,8 episodes,9.1,"Yeon Shi Eun is a model student who ranks at the top of his high school. Physically, Yeon Shi Eun appears weak, but by using his wits and psychology, he fights against the violence that takes place inside and outside…",약한영웅 Class 1,"Weak Hero , Weak Hero Season 1 , Yakhanyeongung Sijeun1 , 약한영웅 시즌1",Park Dhan Hee,,"Action, Youth, Drama","Student Male Lead, Teenager Male Lead, Violence, Friendship, School Bullying, School Setting, Bromance, Skilled Fighter, High School, Introverted Male Lead (Vote tags)",Weak Hero Class 1,Drama,Standard Series,South Korea,8,"Nov 18, 2022",Friday,Wavve,40 min.,18+ Restricted (violence & profanity),"9.1 (scored by 128,788 users)",#36,#11,"240,943","[{""title"": ""Study Group"", ""url"": ""https://mydramalist.com/752799-study-group""}, {""title"": ""Pyramid Game"", ""url"": ""https://mydramalist.com/749923-pyramid-game""}, {""title"": ""Extracurricular"", ""url"": ""https://mydramalist.com/34221-human-lessons""}, {""title"": ""D.P."", ""url"": ""https://mydramalist.com/59001-d-p-dog-day""}, {""title"": ""The Glory"", ""url"": ""https://mydramalist.com/685237-the-glory""}, {""title"": ""High School Return of a Gangster"", ""url"": ""https://mydramalist.com/749903-i-a-gangster-became-a-high-schooler""}]","Weak Hero Class 2 (Korean sequel)
Weak Hero Class 1: Behind the Scenes (Korean compilation)",Yoo Su Min
#5,Alchemy of Souls,https://mydramalist.com/52939-can-this-person-be-translated,Korean Drama,2022,20 episodes,9.1,"In the fictional country of Daeho, young mages struggle to overcome twisted fates caused by the forbidden ""alchemy of souls,"" a spell that swaps souls between bodies. Naksu, an elite assassin, finds her soul trapped…",환혼,"Alchemy of Souls Part 1 , Alchemy of Souls Season 1 , Can This Person Be Translated? , Guwoneui Tongyeok , Hwan Hon , Hwanhon , Resurrection , Return , Salvation Interpreter , Soul Marriage , Welcome , 구원의 통역 , 이사람통역이되나요 , 환혼 시즌1",Park Joon Hwa,"Hong Jeong Eun, Hong Mi Ran","Action, Historical, Romance, Fantasy","Transmigration, Master-Disciple Relationship, Supernatural, Hidden Identity, Body Swap, Elemental Power, Fake Identity, Comedy, Master-Servant Relationship, Flashback To Past (Vote tags)",Alchemy of Souls,Drama,Standard Series,South Korea,20,"Jun 18, 2022 - Aug 28, 2022","Saturday, Sunday",tvN,1 hr. 20 min.,15+ - Teens 15 or older,"9.1 (scored by 118,345 users)",#37,#13,"239,131","[{""title"": ""Alchemy of Souls Season 2: Light and Shadow"", ""url"": ""https://mydramalist.com/733261-alchemy-of-souls-part-2""}, {""title"": ""Moon Lovers: Scarlet Heart Ryeo"", ""url"": ""https://mydramalist.com/15999-moon-lovers-scarlet-heart-ryeo""}, {""title"": ""Love between Fairy and Devil"", ""url"": ""https://mydramalist.com/53117-cang-lan-jue""}, {""title"": ""Lovers of the Red Sky"", ""url"": ""https://mydramalist.com/22680-hong-chun-gi""}, {""title"": ""The Untamed"", ""url"": ""https://mydramalist.com/28723-the-untamed""}, {""title"": ""Bulgasal: Immortal Souls"", ""url"": ""https://mydramalist.com/683675-immortal""}]",Alchemy of Souls Season 2: Light and Shadow (Korean sequel),
#6,The Trauma Code: Heroes on Call,https://mydramalist.com/54697-golden-hour,Korean Drama,2025,8 episodes,9.1,"Baek Gang Hyeok, a genius trauma surgeon with experience in conflict zones, joins a university hospital to lead its severe trauma team. His confident, bulldozer-like personality clashes with the hospital's financial…",중증외상센터,"Jungjeungoesangsenteo: Goldeun Awo , Severe Trauma Center: Golden Hour , The Trauma Center: Heroes on Call , 중증외상센터: 골든 아워 , 중증외상센터: 골든아워",Lee Do Yoon,Choi Tae Gang,"Action, Comedy, Drama, Medical","Surgeon Male Lead, Hospital Setting, Mentor-Mentee Relationship, Competent Male Lead, Rescue Team, Teamwork, Hardworking Male Lead, Co-workers' Relationship, Doctor Male Lead, Workplace Setting (Vote tags)",The Trauma Code: Heroes on Call,Drama,Standard Series,South Korea,8,"Jan 24, 2025",Friday,Netflix,51 min.,15+ - Teens 15 or older,"9.1 (scored by 62,596 users)",#43,#88,"119,628","[{""title"": ""Dr. Romantic"", ""url"": ""https://mydramalist.com/19510-romantic-doctor-teacher-kim""}, {""title"": ""Dr. Romantic Season 3"", ""url"": ""https://mydramalist.com/711113-dr-romantic-3""}, {""title"": ""Ghost Doctor"", ""url"": ""https://mydramalist.com/688213-ghost-doctor""}, {""title"": ""Code Blue"", ""url"": ""https://mydramalist.com/93-code-blue""}, {""title"": ""Partners for Justice"", ""url"": ""https://mydramalist.com/28412-investigation-couple""}, {""title"": ""The First Responders"", ""url"": ""https://mydramalist.com/711391-the-police-station-next-to-fire-station""}]",Jungjeung Oesang Senteo Sijeun 2 (Korean sequel),
#7,Pursuit of Jade,https://mydramalist.com/760409-zhu-yu,Chinese Drama,2026,40 episodes,9.1,"It follows Fan Chang Yu, a butcher’s daughter, and Xie Zheng, a fallen noble seeking revenge. Their fake marriage turns into true love, but war tears them apart. Determined, Fan Chang Yu wields her butcher’s knife…",逐玉,"Chasing Jade , Zhu Yu",Zeng Qing Jie,Zou Yue,"Historical, Mystery, Romance, War","Fake To Real Lovers, Physically Strong Female Lead, General Male Lead, Female Lead Saves Male Lead, Marriage Of Convenience, Sisters' Relationship, Hidden Identity, Righteous Male Lead, Fake Marriage, Skilled Fighter Female Lead (Vote tags)",Pursuit of Jade,Drama,Standard Series,China,40,"Mar 6, 2026 - Mar 26, 2026","Monday, Tuesday, Wednesday, Thursday, Friday, Saturday, Sunday","iQiyi, Tencent Video",45 min.,13+ - Teens 13 or older,"9.1 (scored by 42,737 users)",#42,#189,"82,629","[{""title"": ""Legend of the Female General"", ""url"": ""https://mydramalist.com/754387-legend-of-the-female-general""}, {""title"": ""Are You the One"", ""url"": ""https://mydramalist.com/699401-jiao-cang""}, {""title"": ""Blossom"", ""url"": ""https://mydramalist.com/745395-jiu-chong-zi""}, {""title"": ""Fated Hearts"", ""url"": ""https://mydramalist.com/768987-wan-xin-ji""}, {""title"": ""The Prisoner of Beauty"", ""url"": ""https://mydramalist.com/687393-the-prisoner-of-beauty""}, {""title"": ""Glory"", ""url"": ""https://mydramalist.com/772283-ming-men-shi-jia""}]",Pursuit of Jade: Behind the Scenes (Chinese compilation),
#8,Hospital Playlist Season 2,https://mydramalist.com/57173-hospital-playlist-2,Korean Drama,2021,12 episodes,9.1,"Everyday is extraordinary for five doctors and their patients inside a hospital, where birth, death and everything in between coexist. (Source: Netflix)",슬기로운 의사 생활 시즌2,"Hospital Playlist 2 , Hospital Playlist++ , 슬기로운 의사 생활 2 , 슬기로운 의사생활++",Shin Won Ho,Lee Woo Jung,"Romance, Life, Drama, Medical","Multiple Mains, Band, Music, Comedy, Illness, Multiple Couples, Bromance, Friendship, Neurosurgeon Female Lead, Surgeon Male Lead (Vote tags)",Hospital Playlist Season 2,Drama,Standard Series,South Korea,12,"Jun 17, 2021 - Sep 16, 2021",Thursday,tvN,1 hr. 40 min.,15+ - Teens 15 or older,"9.1 (scored by 52,382 users)",#46,#73,"133,959","[{""title"": ""Resident Playbook"", ""url"": ""https://mydramalist.com/757797-a-life-of-a-resident-that-will-be-wise-someday""}, {""title"": ""Dr. Romantic"", ""url"": ""https://mydramalist.com/19510-romantic-doctor-teacher-kim""}, {""title"": ""Prison Playbook"", ""url"": ""https://mydramalist.com/22624-wise-prison-life""}, {""title"": ""Reply 1988"", ""url"": ""https://mydramalist.com/13544-reply-1988""}, {""title"": ""The Oath of Love"", ""url"": ""https://mydramalist.com/38807-yu-sheng-qing-duo-zhi-jiao""}, {""title"": ""Dr. Romantic Season 3"", ""url"": ""https://mydramalist.com/711113-dr-romantic-3""}]","Hospital Playlist (Korean prequel)
Hospital Playlist Season 2 Special (Korean compilation)
Three Meals a Day: Doctors (Korean compilation)
Hospital Playlist's Mission 99 Possible (Korean compilation)",
#9,Flower of Evil,https://mydramalist.com/54625-flower-of-evil,Korean Drama,2020,16 episodes,9.0,"Although Baek Hui Seong is hiding a dark secret surrounding his true identity, he has established a happy family life and a successful career. He is a loving husband and a doting father to his young daughter. But his…",악의 꽃,"Agui Kkot , Akeui Kkot , Akui Kkot , The Flower of Evil","Kim Chul Gyu, Yoon Jong Ho",Yoo Jeong Hui,"Thriller, Romance, Crime, Melodrama","Detective Female Lead, Psychological, Family Secret, Mystery, Suspense, Hidden Personality, Antisocial Personality Disorder, Investigation, Detective Fiction, Murder (Vote tags)",Flower of Evil,Drama,Standard Series,South Korea,16,"Jul 29, 2020 - Sep 23, 2020","Wednesday, Thursday",tvN,1 hr. 10 min.,15+ - Teens 15 or older,"9.0 (scored by 99,577 users)",#51,#16,"229,408","[{""title"": ""When the Phone Rings"", ""url"": ""https://mydramalist.com/766179-the-number-you-have-dialed""}, {""title"": ""Mouse"", ""url"": ""https://mydramalist.com/58953-mouse""}, {""title"": ""The Innocent Man"", ""url"": ""https://mydramalist.com/4295-the-innocent-man""}, {""title"": ""Blind"", ""url"": ""https://mydramalist.com/715771-blind""}, {""title"": ""Two Weeks"", ""url"": ""https://mydramalist.com/7028-two-weeks""}, {""title"": ""Come and Hug Me"", ""url"": ""https://mydramalist.com/27310-come-here-and-give-me-a-hug""}]","Flower of Evil Special (Korean compilation)
Flower of Evil (Filipino remake)
Yin Man Zhi Shi (Chinese remake)",
#10,Reply 1988,https://mydramalist.com/13544-reply-1988,Korean Drama,2015,20 episodes,9.0,"Five childhood friends, who all live in the same Ssangmundong neighborhood of Seoul, lean on each other to survive their challenging teen years and set a path for their futures. Sung Deok Sun struggles for attention…",응답하라 1988,"Answer Me 1988 , Answer To 1988 , Eungdabhara 1988 , Respond 1988 , Respond To 1988","Shin Won Ho, Yoo Hak Chan","Lee Woo Jung, Kim Song Hee","Comedy, Romance, Life, Youth","Nostalgia, Multiple Couples, Poor Family, Love Triangle, Friendship, High School, Mother-Son Relationship, Coming Of Age, Bromance, Poor Female Lead (Vote tags)",Reply 1988,Drama,Standard Series,South Korea,20,"Nov 6, 2015 - Jan 16, 2016","Friday, Saturday",tvN,1 hr. 35 min.,15+ - Teens 15 or older,"9.0 (scored by 73,170 users)",#54,#39,"179,041","[{""title"": ""Hospital Playlist"", ""url"": ""https://mydramalist.com/36269-doctor-playbook""}, {""title"": ""Go Ahead"", ""url"": ""https://mydramalist.com/40911-go-ahead""}, {""title"": ""Twenty Five Twenty One"", ""url"": ""https://mydramalist.com/695149-twenty-five-twenty-one""}, {""title"": ""Prison Playbook"", ""url"": ""https://mydramalist.com/22624-wise-prison-life""}, {""title"": ""Reply 1997"", ""url"": ""https://mydramalist.com/4689-reply-1997""}, {""title"": ""When Life Gives You Tangerines"", ""url"": ""https://mydramalist.com/735043-life""}]","Reply 1994 (Korean compilation)
Reply 1997 (Korean compilation)
Reply 1988: 10th Anniversary (Korean compilation)",
#11,Moving,https://mydramalist.com/25560-moving,Korean Drama,2023,20 episodes,9.0,"Kim Bong Seok, Jang Hui Su, and Lee Gang Hun, seemingly typical high school students, bear extraordinary inherited powers. Bong Seok can fly, Hui Su possesses exceptional athleticism and rapid injury recovery, and Gang…",무빙,Mubing,Park In Je,Kang Full,"Action, Thriller, Mystery, Supernatural","Graphic Violence, Supernatural Power, Multiple Mains, Romance, Family Relationship, Past And Present, Mother-Son Relationship, Father-Daughter Relationship, Suspense, 1990s (Vote tags)",Moving,Drama,Standard Series,South Korea,20,"Aug 9, 2023 - Sep 20, 2023",Wednesday,Disney+,47 min.,18+ Restricted (violence & profanity),"9.0 (scored by 59,040 users)",#55,#79,"126,567","[{""title"": ""I Am Nobody"", ""url"": ""https://mydramalist.com/66507-the-outcast""}, {""title"": ""The Uncanny Counter"", ""url"": ""https://mydramalist.com/62085-a-wonderful-rumor""}, {""title"": ""A Shop for Killers"", ""url"": ""https://mydramalist.com/744135-the-killer-s-shopping-mall""}, {""title"": ""The WONDERfools"", ""url"": ""https://mydramalist.com/768853-the-b-team""}, {""title"": ""The Atypical Family"", ""url"": ""https://mydramalist.com/748581-although-i-am-not-a-hero""}, {""title"": ""The Gifted"", ""url"": ""https://mydramalist.com/27367-the-gifted""}]","Moving Season 2 (Korean sequel)
Light Shop (Korean shared universe)",
#12,The Untamed Special Edition,https://mydramalist.com/53505-the-untamed-special-edition,Chinese Special,2019,20 episodes,9.0,A 20-episode cut of The Untamed made for better integration and comprehension of the series. This special edition focuses more on Lan Wangji/Lan Zhan and Wei Wuxian/Wei Ying.,陈情令特別剪辑版,"Os Indomáveis Edição Especial , The Untamed Special Cut , Неукротимый- Специальный выпуск","Steve Cheng, Chan Ka Lam","Deng Yao Yu, Yang Xia, Guo Guang Yun, Ma Jing","Mystery, Wuxia, Fantasy","Bromance, Smart Male Lead, Censored Adaptation Of Same-sex Original Work, Xianxia, Calm Male Lead, Adapted From A Novel, Cold Male Lead, Death, Family Relationship, Cultivation (Vote tags)",The Untamed Special Edition,Drama,Drama Special,China,20,"Dec 25, 2019 - Feb 4, 2020","Tuesday, Wednesday, Thursday",Tencent Video,1 hr. 2 min.,15+ - Teens 15 or older,"9.0 (scored by 11,628 users)",#56,#495,"45,059","[{""title"": ""The Untamed"", ""url"": ""https://mydramalist.com/28723-the-untamed""}, {""title"": ""Immortality"", ""url"": ""https://mydramalist.com/54501-hao-yi-xing""}, {""title"": ""Word of Honor"", ""url"": ""https://mydramalist.com/59021-tian-ya-ke""}, {""title"": ""Fatal Journey"", ""url"": ""https://mydramalist.com/48567-fatal-journey""}, {""title"": ""The Silent Criminal"", ""url"": ""https://mydramalist.com/46857-wu-zhu-zhi-zhan""}, {""title"": ""Winter Begonia"", ""url"": ""https://mydramalist.com/31618-winter-begonia""}]","The Untamed (Chinese original story)
Fatal Journey (Chinese spinoff)
The Living Dead (Chinese spinoff)",
#13,Hospital Playlist,https://mydramalist.com/36269-doctor-playbook,Korean Drama,2020,12 episodes,9.0,"The stories of people going through their days are seemingly ordinary but actually special at the hospital, a place known as the microcosm of life, where someone is being born and someone's life meets its ending. The…",슬기로운 의사 생활,"A Wise Doctor's Life , Doctor Playbook , Hospital Playlist Season 1 , Hospital Playlist+ , Secret Doctor's Life , Seulgiroun euisasaenghal , Seulgiroun uisasaenghwal , Seulkirowoon Uisasaenghwal , Smart Doctor Living , Wise Doctor Life , 슬기로운 의사 생활 시즌1 , 슬기로운 의사생활",Shin Won Ho,"Lee Woo Jung, Kim Song Hee","Comedy, Life, Drama, Medical","Friendship, Multiple Mains, Slow Romance, Multiple Couples, Healing, Bromance, Slight Romance, Smart Female Lead, Nice Male Lead, Music (Vote tags)",Hospital Playlist,Drama,Standard Series,South Korea,12,"Mar 12, 2020 - May 28, 2020",Thursday,tvN,1 hr. 30 min.,15+ - Teens 15 or older,"9.0 (scored by 69,722 users)",#57,#48,"162,250","[{""title"": ""Reply 1988"", ""url"": ""https://mydramalist.com/13544-reply-1988""}, {""title"": ""Resident Playbook"", ""url"": ""https://mydramalist.com/757797-a-life-of-a-resident-that-will-be-wise-someday""}, {""title"": ""Dr. Romantic"", ""url"": ""https://mydramalist.com/19510-romantic-doctor-teacher-kim""}, {""title"": ""Prison Playbook"", ""url"": ""https://mydramalist.com/22624-wise-prison-life""}, {""title"": ""Hospital Playlist Season 2"", ""url"": ""https://mydramalist.com/57173-hospital-playlist-2""}, {""title"": ""Racket Boys"", ""url"": ""https://mydramalist.com/75433-rocket-boy-squad""}]","Hospital Playlist Season 2 (Korean sequel)
Hospital Playlist Special (Korean compilation)
Hospital Playlist Goes Camping (Korean compilation)
Resident Playbook (Korean spinoff)",
#14,When I Fly Towards You,https://mydramalist.com/62295-luo-yao-knew-what-he-meant,Chinese Drama,2023,24 episodes,9.0,"In the autumn of 2012, Su Zai Zai transfers to Yucai High School and immediately falls for the aloof Zhang Lu Rang. Despite his impressive academic success and privileged background, Zhang Lu Rang struggles with self-doubt,…",当我飞奔向你,"Dang Wo Fei Ben Xiang Ni , The Girl Who Fell Into Love , When I Run Towards You , 她病得不轻 , 她病的不輕 , 她病的不轻 , 當我飛奔向你 , 陆遥知他意 , 陸遙知他意",Mao De Shu,"Yue An, Tao Kai Xin","Comedy, Romance, Youth","Friendship, Love At First Sight, Female Chases Male First, First Love, Healthy Mains’ Relationship, Friends To Lovers, Secondary Couple, High School To Working Life, Introverted Male Lead, Coming Of Age (Vote tags)",When I Fly Towards You,Drama,Standard Series,China,24,"Jun 13, 2023 - Jun 29, 2023","Tuesday, Wednesday, Thursday, Friday",Youku,35 min.,13+ - Teens 13 or older,"9.0 (scored by 60,995 users)",#58,#96,"114,953","[{""title"": ""Hidden Love"", ""url"": ""https://mydramalist.com/729705-hidden-love""}, {""title"": ""Time and Him Are Just Right"", ""url"": ""https://mydramalist.com/706623-shi-guang-yu-ta-qia-shi-zheng-hao""}, {""title"": ""A Love So Beautiful"", ""url"": ""https://mydramalist.com/24644-a-love-so-beautiful""}, {""title"": ""Exclusive Fairytale"", ""url"": ""https://mydramalist.com/710873-du-jia-tong-hua""}, {""title"": ""Always Home"", ""url"": ""https://mydramalist.com/742439-dear-us""}, {""title"": ""Sunshine through the Rain"", ""url"": ""https://mydramalist.com/760711-solar-rain-today""}]",,
#15,Nirvana in Fire,https://mydramalist.com/9025-nirvana-in-fire,Chinese Drama,2015,54 episodes,9.0,"In sixth-century China, the Emperor of Great Liang orders the unjust execution of his brother-in-law Marshal Lin Xie alongside the Lin family, his 70,000 army soldiers, and Crown Prince Qi. Secretly surviving the massacre…",琅琊榜,"Lang Ya Bang , Nirvana in Fire Season 1 , Rankings of Lang Ya , The Lang Ya Rankings , 瑯琊榜","Kong Sheng, Li Xue",Hai Yan,"Military, Historical, Drama, Political","Power Struggle, Smart Male Lead, Scheme, Death, Corruption, Hidden Identity, War, Political Intrigue, Revenge, Tearjerker (Vote tags)",Nirvana in Fire,Drama,Standard Series,China,54,"Sep 19, 2015 - Oct 15, 2015","Monday, Tuesday, Wednesday, Thursday, Friday, Saturday, Sunday","BTV, Dragon TV, iQiyi, LeTV, Youku",45 min.,13+ - Teens 13 or older,"9.0 (scored by 14,026 users)",#61,#290,"63,560","[{""title"": ""Joy of Life"", ""url"": ""https://mydramalist.com/28674-joy-of-life""}, {""title"": ""Six Flying Dragons"", ""url"": ""https://mydramalist.com/14324-six-flying-dragons""}, {""title"": ""The Rise of Phoenixes"", ""url"": ""https://mydramalist.com/21032-the-rise-of-phoenixes""}, {""title"": ""The Vendetta of An"", ""url"": ""https://mydramalist.com/769667-chang-an-er-shi-si-ji""}, {""title"": ""The Disguiser"", ""url"": ""https://mydramalist.com/13061-the-disguiser""}, {""title"": ""Legend of Zang Hai"", ""url"": ""https://mydramalist.com/56835-cang-hai-xi-lin""}]",Nirvana in Fire Season 2: The Wind Blows in Chang Lin (Chinese sequel),
#16,Teach You a Lesson,https://mydramalist.com/778658-get-schooled,Korean Drama,2026,10 episodes,9.0,School teachers have a hard time to discipline students and they often don’t even have the will to do so. The authority of the teachers in the classroom breaks down and this causes serious social issues. The National…,참교육,"Chamgyoyuk , Get Schooled , True Education , True Lessons",Hong Jong Chan,Lee Nam Gyu,"Action, Thriller, Comedy, Drama","School Violence, Juvenile Delinquency, Social Commentary, Student-Teacher Relationship, School Bullying, School Setting, Violence, AI-Generated Content, Violence Against Children, Education Industry (Vote tags)",Teach You a Lesson,Drama,Standard Series,South Korea,10,"Jun 5, 2026",Friday,Netflix,1 hr. 4 min.,18+ Restricted (violence & profanity),"9.0 (scored by 48,098 users)",#64,#212,"76,082","[{""title"": ""Taxi Driver"", ""url"": ""https://mydramalist.com/52921-model-taxi""}, {""title"": ""The Judge from Hell"", ""url"": ""https://mydramalist.com/758169-the-judge-from-hell""}, {""title"": ""Study Group"", ""url"": ""https://mydramalist.com/752799-study-group""}, {""title"": ""Juvenile Justice"", ""url"": ""https://mydramalist.com/79997-boy-referee""}, {""title"": ""Brave Citizen"", ""url"": ""https://mydramalist.com/684849-brave-citizen""}, {""title"": ""Undercover High School"", ""url"": ""https://mydramalist.com/765779-undercover-high-school""}]",Study Group (Korean shared universe),
#17,Hidden Love,https://mydramalist.com/729705-hidden-love,Chinese Drama,2023,25 episodes,9.0,"Sang Zhi falls in love with Duan Jia Xu, the boy who often comes to her house to play games in her older brother's room. He is five years older than her. Sang Zhi had a crush on Duan Jia Xu when she was young, but they…",偷偷藏不住,"Can't Be Concealed , Secretly, Secretly, but Unable to Hide It , Tou Tou Cang Bu Zhu",Gia Lee,Ou Si Jia,"Comedy, Romance, Life, Youth","Secret Crush, First Love, Childhood Crush, Warm Male Lead, Older Man/Younger Woman, Warm Female Lead, Hardworking Male Lead, Supportive Female Lead, Nice Male Lead, Protective Male Lead (Vote tags)",Hidden Love,Drama,Standard Series,China,25,"Jun 20, 2023 - Jul 6, 2023","Monday, Tuesday, Wednesday, Thursday, Friday, Saturday, Sunday",Youku,45 min.,13+ - Teens 13 or older,"9.0 (scored by 95,010 users)",#66,#44,"168,546","[{""title"": ""When I Fly Towards You"", ""url"": ""https://mydramalist.com/62295-luo-yao-knew-what-he-meant""}, {""title"": ""The First Frost"", ""url"": ""https://mydramalist.com/722171-first-frost""}, {""title"": ""Our Secret"", ""url"": ""https://mydramalist.com/76433-secrets-in-the-lattice""}, {""title"": ""The Best Thing"", ""url"": ""https://mydramalist.com/30941-falling-in-love-with-you-is-the-best-thing-i-have-ever-done""}, {""title"": ""Love Me, Love My Voice"", ""url"": ""https://mydramalist.com/702917-really-miss-you""}, {""title"": ""You Are My Glory"", ""url"": ""https://mydramalist.com/62337-you-are-my-glory""}]","Hidden Love Special (Chinese compilation)
Hidden Love (Chinese adaptation)
Hidden Love for You (Chinese adaptation)
The First Frost (Chinese shared universe)
When I Meet the Moon (Chinese shared universe)",
#18,Under the Queen's Umbrella,https://mydramalist.com/705857-umbrella,Korean Drama,2022,16 episodes,9.0,"Within the palace exist troublemaking princes who cause nothing but headaches for the royal family and are about to be turned into proper crown princes. Their mother, Im Hwa Ryeong, is the wife of a great king. But…",슈룹,"Shuroop , Syurub",Kim Hyung Shik,Park Ba Ra,"Historical, Comedy, Drama, Political","Motherhood, Mother-Son Relationship, Palace Setting, Royalty, Black Comedy, Queen Female Lead, Joseon Dynasty, Historical Fiction, Prince Supporting Character, Hot-tempered Female Lead (Vote tags)",Under the Queen's Umbrella,Drama,Standard Series,South Korea,16,"Oct 15, 2022 - Dec 4, 2022","Saturday, Sunday",tvN,1 hr. 10 min.,15+ - Teens 15 or older,"9.0 (scored by 25,830 users)",#68,#314,"60,255","[{""title"": ""The King's Affection"", ""url"": ""https://mydramalist.com/683673-affection""}, {""title"": ""Mr. Queen"", ""url"": ""https://mydramalist.com/58365-queen-cheorin""}, {""title"": ""The Crowned Clown"", ""url"": ""https://mydramalist.com/30468-masquerade""}, {""title"": ""The First Jasmine"", ""url"": ""https://mydramalist.com/779368-mo-li""}, {""title"": ""The Red Sleeve"", ""url"": ""https://mydramalist.com/61399-dress-sleeved-red""}, {""title"": ""Our Blooming Youth"", ""url"": ""https://mydramalist.com/694395-sleep-memo""}]",,
#19,Crash Landing on You,https://mydramalist.com/35729-emergency-lands-of-love,Korean Drama,2019,16 episodes,9.0,"After getting into a paragliding accident, South Korean heiress Yun Se Ri crash lands in North Korea. There, she meets North Korean army officer Ri Jeong Hyeok, who agrees to help her return to South Korea. Despite the…",사랑의 불시착,"Breakdown of Love , Crash Landing of Love , Emergency Lands of Love , Emergency Love Landing , Love Crashes , Love's Crash Landing , Love’s Emergency Landing , Sarangui Boolshichak , Sarangui Bulsichag , Sarangui Bulsichak , The Crash of Love , Unsettling Lo",Lee Jeong Hyo,Park Ji Eun,"Military, Comedy, Romance, Political","North And South Korea, Soldier Male Lead, Army, Intercountry Romance, Rich Female Lead, Fate, Friendship, Nice Male Lead, Cohabitation, Forbidden Love (Vote tags)",Crash Landing on You,Drama,Standard Series,South Korea,16,"Dec 14, 2019 - Feb 16, 2020","Sunday, Saturday",tvN,1 hr. 25 min.,15+ - Teens 15 or older,"9.0 (scored by 167,865 users)",#69,#4,"285,192","[{""title"": ""Descendants of the Sun"", ""url"": ""https://mydramalist.com/10904-descendants-of-the-sun""}, {""title"": ""The King 2 Hearts"", ""url"": ""https://mydramalist.com/3386-king2hearts""}, {""title"": ""The Legend of the Blue Sea"", ""url"": ""https://mydramalist.com/18816-the-legend-of-the-blue-sea""}, {""title"": ""Hometown Cha-Cha-Cha"", ""url"": ""https://mydramalist.com/683929-mr-hong""}, {""title"": ""Snowdrop"", ""url"": ""https://mydramalist.com/62575-snowdrop""}, {""title"": ""Secretly Greatly"", ""url"": ""https://mydramalist.com/5947-secretly-greatly""}]",Crash Landing on You Special: Lunar New Year (Korean compilation),
#20,The Untamed,https://mydramalist.com/28723-the-untamed,Chinese Drama,2019,50 episodes,9.0,"Wei Wu Xian and Lan Wang Ji, two talented disciples of respected clans, meet during cultivation training and accidentally discover a secret carefully hidden for many years. Taking on the legacy of their ancestors, they…",陈情令,"Chan Ching Ling , Chén Qíng Lìng , CQL , Grandmaster of Demonic Cultivation , MDZS , Mo Dao Zu Shi , The Founder of Diabolism , 陳情令 , 魔道祖师 , 魔道祖師","Steve Cheng, Chan Ka Lam, David Lau, Wang Zhu Ming","Deng Yao Yu, Yang Xia, Guo Guang Yun, Ma Jing","Mystery, Wuxia, Fantasy","Martial Arts, Adapted From A Novel, Playful Male Lead, Investigation, Found Family, Smart Male Lead, Censored Adaptation Of Same-sex Original Work, Xianxia, Flashback To Past, Fight For Justice (Vote tags)",The Untamed,Drama,Standard Series,China,50,"Jun 27, 2019 - Aug 7, 2019","Monday, Tuesday, Wednesday",Tencent Video,45 min.,15+ - Teens 15 or older,"9.0 (scored by 67,978 users)",#70,#68,"138,956","[{""title"": ""Word of Honor"", ""url"": ""https://mydramalist.com/59021-tian-ya-ke""}, {""title"": ""Eternal Faith"", ""url"": ""https://mydramalist.com/55517-heaven-official-s-blessing""}, {""title"": ""Killer and Healer"", ""url"": ""https://mydramalist.com/33779-hen-jun-bu-si-jiang-lou-yue""}, {""title"": ""Guardian"", ""url"": ""https://mydramalist.com/26035-guardian""}, {""title"": ""Handsome Siblings"", ""url"": ""https://mydramalist.com/27397-handsome-siblings""}, {""title"": ""Immortality"", ""url"": ""https://mydramalist.com/54501-hao-yi-xing""}]","The Living Dead (Chinese spinoff)
Fatal Journey (Chinese spinoff)
The Untamed Special Edition (Chinese compilation)",
#21,Reset,https://mydramalist.com/697563-kai-duan,Chinese Drama,2022,15 episodes,9.0,"An unexplainable phenomena finds college-going student, Li Shi Qing, trapped in a never-ending time loop where she is always stuck on a public service bus which is due to explode, bringing death and destruction to not…",开端,"Kai Duan , 開端","Sun Mo Long, Liu Hong Yuan",Qiu Yu Jie,"Thriller, Mystery, Sci-Fi","Time Loop, Investigation, Death, Suspense, Explosion, Character Development, Rescue Mission, Violence, Flashback To Past, Strangers To Lovers (Vote tags)",Reset,Drama,Standard Series,China,15,"Jan 11, 2022 - Jan 25, 2022","Tuesday, Wednesday",Tencent Video,45 min.,Not Yet Rated,"9.0 (scored by 27,992 users)",#72,#261,"67,197","[{""title"": ""Mobius"", ""url"": ""https://mydramalist.com/766293-give-me-five""}, {""title"": ""Someday or One Day"", ""url"": ""https://mydramalist.com/39715-some-day-or-one-day""}, {""title"": ""Derailment"", ""url"": ""https://mydramalist.com/737525-derailment""}, {""title"": ""Triage"", ""url"": ""https://mydramalist.com/725347-triage""}, {""title"": ""365: Repeat the Year"", ""url"": ""https://mydramalist.com/50717-365-one-year-against-destiny""}, {""title"": ""19th Floor"", ""url"": ""https://mydramalist.com/724569-19th-floor""}]","Restart (Chinese sequel)
Kai Duan (Chinese adaptation)",Suan
#22,One Liter of Tears,https://mydramalist.com/2-1-litre-no-namida,Japanese Drama,2005,11 episodes,8.9,"15-year-old Ikeuchi Aya is an ordinary girl, the daughter of a family who works at a tofu shop, and a soon-to-be high schooler. However, odd things have been happening to Aya lately. She has been falling down often and…",1 リットルの涙,"1 Litre of Tears , A Diary with Tears , Ichi Rittoru no Namida , One Litre of Tears , 1 Litre no Namida","Murakami Shosuke, Kinoshita Takao","Yokota Rie, Egashira Michiru, Oshima Satomi","Romance, Drama, Melodrama","Based On A True Story, Terminal Illness, Tearjerker, Spinocerebellar Ataxia (SCA), High School, Adapted From A Novel, Death, Neurological Disorder, Disabled Female Lead, Disability (Vote tags)",One Liter of Tears,Drama,Standard Series,Japan,11,"Oct 11, 2005 - Dec 20, 2005",Tuesday,Fuji TV,45 min.,G - All Ages,"8.9 (scored by 21,256 users)",#73,#403,"51,381","[{""title"": ""The Hours of My Life"", ""url"": ""https://mydramalist.com/8507-boku-no-ita-jikan""}, {""title"": ""I Give My First Love to You"", ""url"": ""https://mydramalist.com/83-i-give-my-first-love-to-you""}, {""title"": ""Niini no Koto wo Wasurenaide"", ""url"": ""https://mydramalist.com/2554-niini-no-koto-wo-wasurenaide""}, {""title"": ""Midnight Sun"", ""url"": ""https://mydramalist.com/2261-taiyou-no-uta""}, {""title"": ""Koizora"", ""url"": ""https://mydramalist.com/43-koizora""}, {""title"": ""Mioka"", ""url"": ""https://mydramalist.com/327-mioka""}]","1 Litre no Namida Special (Japanese sequel)
1 Litre of Tears (Japanese adaptation)
Tears of Happiness (Chinese adaptation)
1 Litre of Tears (Japanese adaptation)",
#23,Lovely Runner,https://mydramalist.com/750099-time-walking-on-memory,Korean Drama,2024,16 episodes,8.9,"In the glitzy realm of stardom, Ryu Seon Jae shines as a top-tier celebrity, captivating the spotlight since his debut. Despite the facade of a perfect life, the demanding nature of the entertainment industry has left…",선재 업고 튀어,"Carry Sun Jae and Run , Gieokeul Geodneun Sigan , Loverly Runner , Naeileui Euddeum , Run Away with Seon Jae on Piggyback , Run Away with Sun Jae on Piggyback , Seonjae Eobgo Twieo , Sunjae Eopgo Tweeeo , The Best of Tomorrow , The Lovely Runner , Time Walking on Memory , Tomorrow's Best , Tomorrow’s #1 , Tomorrow’s Number One , 기억을 걷는 시간 , 내일의 으뜸","Yoon Jong Ho, Kim Tae Yub",Lee Shi Eun,"Music, Comedy, Romance, Fantasy","Butterfly Effect, Time Travel, Passionate Male Lead, Second Chance, Hidden Past, Time Altering, Famous Man/Common Woman, Famous Male Lead, Determined Female Lead, Love At First Sight (Vote tags)",Lovely Runner,Drama,Standard Series,South Korea,16,"Apr 8, 2024 - May 28, 2024","Monday, Tuesday",tvN,1 hr. 10 min.,15+ - Teens 15 or older,"8.9 (scored by 110,244 users)",#74,#24,"191,247","[{""title"": ""Twinkling Watermelon"", ""url"": ""https://mydramalist.com/739603-sparkling-watermelon""}, {""title"": ""A Time Called You"", ""url"": ""https://mydramalist.com/689831-someday-or-one-day""}, {""title"": ""Head over Heels"", ""url"": ""https://mydramalist.com/736965-gyeon-woo-and-fairy""}, {""title"": ""Blue Birthday"", ""url"": ""https://mydramalist.com/695431-blue-birthday""}, {""title"": ""Extraordinary You"", ""url"": ""https://mydramalist.com/33768-july-found-by-chance""}, {""title"": ""Shining for One Thing"", ""url"": ""https://mydramalist.com/67269-the-moment-of-meeting-again""}]",,
#24,Joy of Life,https://mydramalist.com/28674-joy-of-life,Chinese Drama,2019,46 episodes,8.9,"Fan Xian, born in the Southern Qing empire with memories of the 21st century, is the illegitimate son of the Minister of Finance. Raised by his grandmother after his mother, inventor Ye Qing Mei, was killed, he learns…",庆余年,"Joy of Life Season 1 , Qing Yu Nian , Qing's Remaining Years , Thankful for the Remaining Years , 庆余年 第一季 , 慶餘年",Sun Hao,Wang Juan,"Mystery, Romance, Wuxia, Fantasy","Comedy, Martial Arts, Power Struggle, Scheme, Political, Action, Time Travel, Competent Male Lead, Warm Male Lead, Hidden Agenda (Vote tags)",Joy of Life,Drama,Standard Series,China,46,"Nov 26, 2019 - Jan 1, 2020","Tuesday, Wednesday, Monday","iQiyi, Tencent Video",45 min.,13+ - Teens 13 or older,"8.9 (scored by 14,390 users)",#78,#508,"43,859","[{""title"": ""Sword Snow Stride"", ""url"": ""https://mydramalist.com/59487-sword-snow-stride""}, {""title"": ""Guardians of the Dafeng"", ""url"": ""https://mydramalist.com/702953-dafeng-garotan""}, {""title"": ""My Heroic Husband"", ""url"": ""https://mydramalist.com/61977-zhui-xu""}, {""title"": ""Nirvana in Fire"", ""url"": ""https://mydramalist.com/9025-nirvana-in-fire""}, {""title"": ""Joy of Life Season 2"", ""url"": ""https://mydramalist.com/54083-joy-of-life-season-2""}, {""title"": ""Legend of Zang Hai"", ""url"": ""https://mydramalist.com/56835-cang-hai-xi-lin""}]","Joy of Life Season 2 (Chinese sequel)
Joy of Life Special Edition (Chinese compilation)
Qing Yu Nian Zhi Shao Nian Feng Liu (Chinese spinoff)
Qing Yu Nian Zhi Di Wang Ye (Chinese spinoff)",
#25,My Mister,https://mydramalist.com/25172-my-ajusshi,Korean Drama,2018,16 episodes,8.9,"Park Dong Hun is a middle-aged engineer who is married to attorney Kang Yun Hui. However, his life is not that happy as he has two unemployed brothers, Sang Hun and Gi Hun, who rely on him. Moreover, his wife is secretly…",나의 아저씨,"Meu Ahjussi , Mi señor , My Ahjusshi , My Ahjussi , My Ajusshi , Nástrahy života , Naui Ajeosshi , Viața E Complicată , Ο Κύριος Μου , Мой мистер , سيدي , คุณลุงของฉัน , 我的大叔","Kim Won Suk, Kim Sang Woo",Park Hae Young,"Psychological, Life, Drama","Nice Male Lead, Depression, Healing, Poor Female Lead, Infidelity, Power Struggle, Grandma-Granddaughter Relationship, Smart Female Lead, Warm Man/Cold Woman, Corruption (Vote tags)",My Mister,Drama,Standard Series,South Korea,16,"Mar 21, 2018 - May 17, 2018","Wednesday, Thursday",tvN,1 hr. 17 min.,15+ - Teens 15 or older,"8.9 (scored by 38,613 users)",#83,#115,"107,953","[{""title"": ""My Liberation Notes"", ""url"": ""https://mydramalist.com/685441-my-liberation-notes""}, {""title"": ""Call It Love"", ""url"": ""https://mydramalist.com/726339-tell-me-it-s-love""}, {""title"": ""Rain or Shine"", ""url"": ""https://mydramalist.com/24230-just-between-lovers""}, {""title"": ""Prison Playbook"", ""url"": ""https://mydramalist.com/22624-wise-prison-life""}, {""title"": ""Lost"", ""url"": ""https://mydramalist.com/62093-human-disqualification""}, {""title"": ""Flower of Evil"", ""url"": ""https://mydramalist.com/54625-flower-of-evil""}]",Loving Strangers (Chinese remake),
